{"cameraMode":{"drawMode":0,"name":"Shaded","section":"Shading Mode"},"sceneLighting":false,"audioPlay":false,"sceneViewState":{"m_AlwaysRefresh":false,"showFog":true,"showSkybox":false,"showFlares":true,"showImageEffects":true,"showParticleSystems":true,"showVisualEffectGraphs":true,"m_FxEnabled":true},"in2DMode":false,"pivot":{"x":-0.005520433187484741,"y":0.12129615247249603,"z":0.0028851330280303957},"rotation":{"x":-0.23542168736457826,"y":0.6665900349617004,"z":-0.23527982831001283,"w":-0.666991651058197},"size":1.4431848526000977,"orthographic":false}