{"cameraMode":{"drawMode":0,"name":"Shaded","section":"Shading Mode"},"sceneLighting":false,"audioPlay":false,"sceneViewState":{"m_AlwaysRefresh":false,"showFog":true,"showSkybox":false,"showFlares":true,"showImageEffects":true,"showParticleSystems":true,"showVisualEffectGraphs":true,"m_FxEnabled":true},"in2DMode":false,"pivot":{"x":-0.030776500701904298,"y":4.058228969573975,"z":0.00745081901550293},"rotation":{"x":-0.23542168736457826,"y":0.6665900349617004,"z":-0.23527982831001283,"w":-0.666991651058197},"size":106.31365203857422,"orthographic":false}