{"cameraMode":{"drawMode":0,"name":"Shaded","section":"Shading Mode"},"sceneLighting":false,"audioPlay":false,"sceneViewState":{"m_AlwaysRefresh":false,"showFog":true,"showSkybox":false,"showFlares":true,"showImageEffects":true,"showParticleSystems":true,"showVisualEffectGraphs":true,"m_FxEnabled":true},"in2DMode":false,"pivot":{"x":0.04561382532119751,"y":0.7598156332969666,"z":0.011344552040100098},"rotation":{"x":-0.2354218065738678,"y":0.6665903329849243,"z":-0.23527994751930238,"w":-0.6669919490814209},"size":1.5493743419647217,"orthographic":false}